"Country Name","Country Code","1960","1961","1962","1963","1964","1965","1966","1967","1968","1969","1970","1971","1972","1973","1974","1975","1976","1977","1978","1979","1980","1981","1982","1983","1984","1985","1986","1987","1988","1989","1990","1991","1992","1993","1994","1995","1996","1997","1998","1999","2000","2001","2002","2003","2004","2005","2006","2007","2008","2009","2010","2011","2012","2013","2014","2015","2016","2017","2018","2019","2020","2021","2022","2023","2024","2025"
"Albania","AL","","","","","","","","","","","","","","","","","","","","","","","","","","","","","","","552.252184819181","418.45358899715","453.64407387777","536.363825095196","596.407959255952","663.783995402449","904.346640328557","694.664802792381","734.849913537668","1414.70378393053","1449.64741324695","1351.23079642883","1578.16591882688","1469.26453867857","1797.52548696885","1722.07284972507","1218.36014605619","1213.12436932179","1617.7441562046","1835.68407241763","1943.34335385842","2205.70392004668","2147.72007489055","2603.56945325041","2405.39309898777","2212.87133969149","2132.76301009605","2327.54405209409","2502.55681850864","2553.9362279242","2642.69442510916","2834.40746545252","2840.96007727085","2888.86725667383","",""
"Andorra","AD","","","","","","","","","","","","","","","","","","","","","","","","","","","","","","","","","","","","","","","","","","","","","","","","","","","","","","","","","","","","","","","","","",""
"Armenia","AM","","","","","","","","","","","","","","","","","","","","","","","","","","","","","","","2711.89551727866","2608.76037672625","1891.73094921667","1163.80353814808","1020.32627852857","1021.59251731099","1178.80829039248","1456.4322523349","1267.92131033496","1275.22427718874","1236.53410325665","1205.55451771592","1172.26076629789","1252.16025137471","1365.60396852981","1441.647597254","1551.27754149212","1673.42472806848","1572.3494541803","1564.90541422048","1631.30583289543","1716.70134416592","1804.50381931814","1851.75380542687","1895.28170416086","1909.40557811356","1889.85061658256","2006.10861247231","1938.69989895588","2084.05063291139","2114.13135235523","2262.09364345272","2403.67775831874","2386.06079006848","",""
"Austria","AT","","","","","","","","","","","","","","","","","","","","","","","","","","","","","","","6111.47652011957","6347.22009632373","6227.49804896471","6137.26946343196","6205.80490360652","6344.39308740837","6607.2229774104","6620.44786165131","6706.7086768874","6972.18981612858","7076.26948339438","7333.23195262844","7427.65644509121","7695.08003708217","7808.15779213961","8024.35247499675","8187.31881091463","8152.14344860043","8203.45284069114","7944.79609623168","8395.38541962101","8406.10116517111","8526.93674287434","8501.23876406383","8342.73695128076","8318.46625689498","8255.77897660756","8458.13489776604","8396.45084265961","8339.93999945946","8025.46724947246","8381.61025757953","8254.39392885373","7860.14877086687","7896.83396633378",""
"Azerbaijan","AZ","","","","","","","","","","","","","","","","","","","","","","","","","","","","","","","2569.82383766306","2631.02883940973","2276.06152762444","2119.73635053637","1961.94325055453","1952.02248579998","1852.89192322556","1813.67014320799","1936.93921395172","2022.48598540603","2040.4790895311","2106.47006608147","1996.70825200839","2235.45985596483","2281.94787214832","2388.38873430769","2552.28621435433","2118.21052754245","2040.76043544743","1620.3874199013","1603.43137406492","1705.4246326371","2052.65096521176","2092.53652062946","2202.39391828846","2244.92014532391","2215.66064195539","2120.55307710051","2182.74646367607","2243.85125599507","2257.18090568814","2389.09028137407","2365.86247983091","2366.9587760753","",""
"Belgium","BE","","","","","","","","","","","","","","","","","","","","","","","","","","","","","","","6380.31321975416","6655.41438110864","6850.66377253598","6881.0721430714","7176.24050686845","7379.73707904784","7527.68854493864","7701.61213093291","7913.05858037159","7944.12980731574","8247.67711254725","8267.18721595245","8311.89267946638","8411.90065701741","8467.02236041998","8409.98387478042","8606.40514495791","8555.57751489314","8494.41917360576","7910.99480173793","8353.01561568143","8081.88678944443","8001.57955410189","7991.10562057643","7700.55857508798","7699.8838764201","7753.83707358176","7801.64987598414","7748.27877771471","7673.26603406047","7420.56838071573","7681.12395829692","7285.91352381507","6931.1013819588","7098.80837636114",""
"Bulgaria","BG","","","","","","","","","","","","","","","","","","","","","","","","","","","","","","","4758.73190255565","4361.14451575101","3735.52545360956","3807.696906382","3825.38661571836","4211.12513140807","4350.44325925232","3999.36574147372","3932.40178442314","3613.36726660483","3673.60687143429","3859.09002487407","3853.8190041011","3997.90259625094","3971.82273619063","4165.18039235553","4366.91276515184","4523.32287831241","4674.5031505249","4483.7471386375","4560.41491703377","4863.69144110061","4757.12192686228","4712.147547383","4809.73403536431","4992.2503928496","5124.6428306711","5387.98742053318","5353.90873037752","5395.41761287984","5304.93248351015","5560.98450033278","5536.49852430675","5360.50343468088","",""
"Bosnia and Herzegovina","BA","","","","","","","","","","","","","","","","","","","","","","","","","","","","","","","2947.40968724908","2063.99552479475","1111.08067413905","739.406661370189","944.593510731162","988.544404025876","1094.1240891546","1287.38371426005","1620.54856559321","1662.58908240433","1830.87001664274","1858.62309717239","1877.98382140219","2010.99766592167","2110.6079299452","2196.51296853186","2209.79545548514","2233.75352317622","2840.24699914681","2784.42618345201","3067.84360478052","3271.68917189009","3417.33347174869","3408.60720399218","3366.78140802827","3438.92539549774","3642.95683015534","3864.45870454011","3898.73043991733","3735.12979845065","3513.72346484109","3835.85723720279","3773.08800980529","3676.52483946208","",""
"Belarus","BY","","","","","","","","","","","","","","","","","","","","","","","","","","","","","","","4380.75134935032","4396.58428200764","3912.70174531908","3450.22243274523","3068.36199044584","2790.02074882348","2806.61512314154","2952.92294003825","3015.40027500101","3005.3642570495","2996.30947501957","3009.40248167179","3000.7456250783","3063.05693858238","3174.05309231742","3245.37208781327","3365.98186513501","3393.90853610514","3481.74351659874","3299.4609021774","3566.17301269233","3632.87856030924","3704.30904061423","3657.12467930665","3690.1036829597","3571.26398730969","3560.00113629415","3618.56853835013","3725.05571426831","3759.65072563435","3764.62480831458","4094.66830993751","3902.76581096959","4197.72816267243","",""
"Switzerland","CH","","","","","","","","","","","","","","","","","","","","","","","","","","","","","","","7444.84529043846","7537.377326809","7428.84304016486","7235.23820436377","7155.05673243211","7282.670000811","7393.25636148957","7341.47130742036","7481.57419387142","7646.98611742372","7844.93858092355","7993.79904490464","8024.29402891217","8187.62662656675","8205.69379366341","8305.64002304657","8360.44251592812","8163.4280067439","8305.661524581","8021.22360366594","8174.53595945972","7928.19066988289","7886.09430625342","7806.44071844621","7520.04390467829","7500.48657417491","7481.84296394102","7584.85726185067","7436.28769806758","7356.96093888479","7203.03277304085","7398.77760425414","7422.84912718204","7174.96649162285","7117.25238857411",""
"Cyprus","CY","","","","","","","","","","","","","","","","","","","","","","","","","","","","","","","2363.16057187725","2431.96018744743","2803.75792413317","2978.08564780626","3030.78017727696","2761.11487837532","2794.53361960263","2846.58098327926","3078.02324208243","3160.3227545386","3357.71953650386","3441.45532694344","3686.41995435279","3894.59678468172","3917.96635146752","4065.0445736191","4202.31824570521","4340.39268621459","4514.09957232917","4530.4952085461","4523.78756818488","4159.64162014072","3929.991239037","3466.52363596434","3475.61701146862","3541.60960785632","3737.73756943591","3807.7774012876","3857.60389443292","3853.35489802755","3540.03503175665","3716.66784330783","3848.66716239663","3841.70423858864","",""
"Czechia","CZ","","","","","","","","","","","","","","","","","","","","","","","","","","","","","","","5600.40761204856","5256.30208162561","5077.66018488199","5032.40364942199","5186.96944245982","5470.67066140434","5729.38625476613","5660.06002835174","5604.80954012449","5493.85153045646","5703.81673910731","5892.17259549527","5894.2331191117","6074.84914162236","6230.3982278885","6357.42109460812","6528.53015044089","6518.21741269978","6501.54849443932","6133.12835314196","6347.75610273037","6290.72469666794","6289.8251652945","6270.33426565339","6270.67212130868","6382.47899049304","6459.66831252321","6573.73236787076","6572.10472168767","6525.47304268137","6286.67907164219","6690.60779160256","6363.02934431572","5965.3672178366","5876.92209501892",""
"Germany","DE","","","","","","","","","","","","","","","","","","","","","","","","","","","","","","","6639.73169146049","6564.79719472728","6445.87399989269","6288.41635005255","6244.95722825812","6327.70975399499","6403.33372597692","6427.79876840273","6479.49024948385","6505.13299942364","6635.42140596667","6762.65339646636","6900.78052702986","7015.50591599776","7116.23381864374","7144.70873822785","7219.9881492831","7238.49837452416","7197.68970678478","6827.56103561283","7265.99787984215","7281.95731913142","7251.52666451421","7217.18189106524","7035.61880653228","7032.02144106578","6972.36527283762","6947.26382648139","6815.82136213371","6580.29256436905","6367.10502947955","6582.54587433797","6316.27571164921","5947.27119952649","6109.08541252395",""
"Denmark","DK","","","","","","","","","","","","","","","","","","","","","","","","","","","","","","","5944.82836695787","6217.33551300293","6236.25847696065","6306.86956166447","6539.53570564214","6424.72837307794","6646.68594817401","6607.20141245274","6504.25632878281","6508.51338053166","6482.48862839575","6490.09299312922","6533.75201430227","6602.63637972505","6614.45977748638","6659.00042661297","6824.74593877224","6668.39026644631","6534.12385018916","6219.70109150757","6327.50645629896","6165.97361994424","6038.37346635257","6039.25390369821","5858.97873207554","5821.60622280387","5887.38497314076","5885.01607984763","5744.7516550919","5755.1722252014","5693.99753472749","6132.42912046699","5847.15969085066","5878.13723736126","6165.47587816748",""
"Spain","ES","","","","","","","","","","","","","","","","","","","","","","","","","","","","","","","3536.82715778566","3607.80278874279","3690.69315512396","3638.62825333192","3756.16562578352","3917.45051171771","4009.08983066671","4324.57043068883","4479.22134292162","4815.62388771104","5167.71107298131","5422.34433278176","5576.25663027203","5675.642714828","5891.53857256302","6111.35667055451","6105.1884687001","6054.52921357276","6025.77275684571","5652.59593296768","5706.56306279914","5599.35598067865","5573.37980168283","5411.22937919089","5358.28825602041","5477.30258018436","5504.26697031493","5605.86415235912","5556.79404205176","5418.86933117843","5089.18774012116","5236.4247812165","5179.76963260155","5117.82961999422","5196.11110519718",""
"Estonia","EE","","","","","","","","","","","","","","","","","","","","","","","","","","","","","","","5157.49050137206","5115.56291687643","4868.59553672939","3922.68935459345","4366.4539279624","4250.9087213584","4573.3451823051","4833.03382909323","4759.92601121375","4467.56108999571","4540.49256076479","4680.44794559529","4767.46293544061","5158.60277810202","5429.52552199919","5531.54582864313","5869.42478894573","6277.41146283975","6364.56783013858","5975.95381093506","6506.31818096472","6314.41444766954","6689.36777611787","6664.65856902557","6732.36747315611","6481.64408430242","7150.83713966514","7322.84588244582","7354.89346637649","6987.72626079774","7030.34624474059","6644.21623343642","6464.07283295276","5722.16311047475","5297.51716227964",""
"Finland","FI","","","","","","","","","","","","","","","","","","","","","","","","","","","","","","","12485.6836482847","12470.7304327707","12514.1015693797","13012.6694308655","13603.2763578956","13591.3966705757","13721.9237583307","14454.9387285779","14846.4208194124","15075.8671905037","15305.409808607","15709.8832538423","16140.0669692216","16445.572561286","16777.5658490195","16117.8903321632","17215.606953539","17161.6194466714","16349.9861388162","15244.046915537","16484.8400776231","15711.9017005823","15690.1468441556","15512.1225113863","15251.271076581","15056.2155775741","15489.9556948907","15464.1776808236","15805.3857067097","15508.1691812129","14688.7364832862","15646.5861772306","14738.1997391698","14392.7795410779","14819.2738283578",""
"France","FR","","","","","","","","","","","","","","","","","","","","","","","","","","","","","","","5966.42571193236","6360.3077638679","6476.28076423264","6453.38465698598","6530.65140664547","6622.00925629866","6904.98577312264","6832.76996126572","7014.98922989478","7148.65789694904","7223.79633393452","7341.42546578775","7298.42043008314","7528.93319992472","7661.14620769659","7652.6664232807","7540.1656858215","7518.98444301184","7647.93961691657","7342.59262865289","7737.80283768956","7350.22802740645","7473.82723468712","7506.20489138963","7106.65526381496","7208.30136656291","7276.87553511397","7229.03935292766","7156.81690085647","7059.07466974036","6685.6150734803","6950.69961060428","6649.38931756837","6415.02611160317","6447.21141881145",""
"Faroe Islands","FO","","","","","","","","","","","","","","","","","","","","","","","","","","","","","","","","","","","","","","","","","","","","","","","","","","","","","","","","","","","","","","","","","",""
"United Kingdom","GB","","","","","","","","","","","","","","","","","","","","","","","","","","","","","","","5356.57521000099","5451.67717061817","5452.3933334123","5491.98911810322","5380.26426515376","5575.8084890423","5815.82840427425","5831.95754702826","5908.87149023065","6007.48441621387","6114.52925918564","6141.96563637962","6142.73299024588","6174.40000957625","6138.60410694456","6271.00061545129","6200.5541127704","6102.39676772278","6015.38709332172","5644.57376782521","5712.74121099732","5472.53418140493","5456.24774371772","5395.74985578197","5118.92602909316","5078.26327433628","5009.54166476138","4932.16202286026","4901.86908838571","4775.40484159025","4511.02720843821","4569.6434969545","4316.5197325602","4231.37008701746","4198.22032184439",""
"Georgia","GE","","","","","","","","","","","","","","","","","","","","","","","","","","","","","","","3039.15035401916","2696.70588721851","2125.1667179645","1936.8369611696","1988.59571272246","1492.36042855284","1150.78948967863","1331.52088329123","1517.81255898579","1563.79594687953","1574.3914041516","1583.5598734846","1653.38072119874","1749.86385730221","1814.45965971879","1916.47902904546","1769.17167459508","1829.97690768098","1881.53721148442","1833.04456065262","2049.54452365453","2289.13484865062","2329.92587038339","2498.34035744989","2693.97276022513","2727.58313746418","2873.23558251431","3068.39799528112","3268.97620291589","3311.95343427341","3150.65667109712","3604.85464904641","3682.96097887624","3382.3327949556","",""
"Gibraltar","GI","","","","","","","","","","","","","","","","","","","","","","","","","","","","","","","5257.35294117647","5799.68770912335","6101.64446759431","6206.13224972294","6314.47556811924","6392.22705190488","6439.4077200131","6489.73968530201","6726.94394213382","6969.52188357648","7145.69273521239","7267.59952272481","7473.68042829938","7498.05474994695","7278.42590980324","7269.48530672427","7400.14867878624","8098.38032393521","8417.45306283497","8402.81607890212","9056.57962109575","9191.40871762476","8991.85113490899","8485.82096460641","7893.21305580105","7742.59633055162","7576.20773664508","7621.5505913272","7947.43788374362","7945.00478954189","4893.15235120117","4910.73850995713","4812.6778164801","5016.7658755946","",""
"Greece","GR","","","","","","","","","","","","","","","","","","","","","","","","","","","","","","","3221.40532041842","3253.22068654168","3398.38375791814","3459.42297700426","3598.52379766539","3708.99758789709","3832.66721966669","3989.11610720648","4175.73456633449","4316.32628977323","4586.32987001065","4719.14721713932","4909.63969803033","5091.29242400534","5200.02435386272","5297.20002541112","5434.57646854069","5701.33085359398","5805.19254609269","5625.63287694617","5334.60847931918","5389.33312225532","5534.89715854516","5028.99579406178","5062.60642155232","5229.42536205225","5500.84999300759","5616.3461503593","5059.03260652637","5118.46106292896","4851.28940714574","4994.41443430903","4827.78285698736","4693.50942425215","4685.95599057158",""
"Croatia","HR","","","","","","","","","","","","","","","","","","","","","","","","","","","","","","","2966.2776658612","2608.85958735105","2227.79839582781","2218.25498868266","2203.12706899191","2314.70358417586","2405.03987516614","2609.96886383883","2631.43088191327","2778.88763388355","2828.81506218693","2993.27246314926","3191.40973842527","3257.88986798575","3429.35464386935","3582.24607292794","3744.4687147934","3846.67407696643","3990.29631958568","3818.42250070322","3922.31086688238","3900.60136120405","3825.72585279018","3773.56975400114","3746.90772415638","3947.75665536614","4028.61840911819","4249.01525632039","4310.8473152785","4363.71186436386","4164.06290317883","4506.59593331341","4475.52041281852","4484.04352063873","",""
"Hungary","HU","","","","","","","","","","","","","","","","","","","","","","","","","","","","","","","3426.55110069532","3223.91886941601","3116.01286909168","2995.98658868534","3025.71070991956","3066.52215396218","3162.37487680917","3188.38196757665","3215.67962815234","3321.40662835664","3309.2837106285","3426.72290248436","3545.17075567834","3637.27833175643","3680.16846694408","3771.36461398831","3882.4906641301","3976.51897714548","3988.76769393042","3773.15380662799","3876.49108407051","3898.82314267127","3923.04232446356","3900.43933119235","3982.69588706969","4118.39242765307","4205.74082033822","4352.6330875371","4435.78445330589","4495.49161490709","4494.94484158339","4757.79498806554","4702.93097169267","4604.58127063007","4812.45421360344",""
"Isle of Man","IM","","","","","","","","","","","","","","","","","","","","","","","","","","","","","","","","","","","","","","","","","","","","","","","","","","","","","","","","","","","","","","","","","",""
"Ireland","IE","","","","","","","","","","","","","","","","","","","","","","","","","","","","","","","3767.52929873699","3897.87323140651","4104.90019474881","4185.09722864187","4351.06420312468","4525.27556631062","4787.89061748284","4976.63282411189","5202.14959695057","5434.93024635758","5797.36958152242","5898.23247012668","6037.21260739272","6094.30051787542","6170.85583188502","6246.28297604229","6357.41698257976","6341.29752108575","6350.31085562364","5959.59540280572","5870.85307407314","5610.81412480644","5616.2223425726","5670.64087325274","5644.58299518651","5761.00547070082","5830.06944348211","5829.58480106972","5923.81986034362","5926.10484248228","5951.88607682092","6106.1502743815","6107.0403902981","6144.73623270699","6298.24363068244",""
"Iceland","IS","","","","","","","","","","","","","","","","","","","","","","","","","","","","","","","16148.2737240313","15931.1396176061","16099.9321987152","16737.131481657","17066.3218317351","17396.4735968415","17358.5803745408","18957.8354135316","21321.1602389371","24522.2275498322","26201.5255774257","26950.3944302518","27896.898682888","27666.3868942149","28215.4522484028","27988.0296831506","31325.0949694189","36846.1257004936","50063.9543309369","51259.1876269627","51439.9086910178","52373.8770085325","53202.8336596865","54799.174707503","53835.5335903185","55085.1684476218","53842.8745613957","54301.1065812464","54646.5903646225","52576.1101388662","50719.9908312708","51135.5095028455","51258.7597479601","50951.2190694985","48997.9456981263",""
"Italy","IT","","","","","","","","","","","","","","","","","","","","","","","","","","","","","","","4144.90744234232","4224.74010554292","4310.53796825883","4303.64531166439","4439.31925254295","4597.89259796184","4658.70015661723","4791.28524594636","4955.721943958","5079.49240636916","5299.85647879422","5406.20079537033","5536.7310293337","5644.03493959078","5673.94660654972","5711.65465480737","5807.89053590384","5772.90104999388","5720.55808175824","5326.90087460336","5443.93561106348","5455.30956726508","5339.31453521805","5152.52344519454","5041.25390970633","5141.22581411583","5124.17628393394","5248.5196722283","5247.31574227309","5260.0173104957","4969.24141417202","5290.22854904133","5215.69012140866","5047.46897034285","5136.67702163416",""
"Liechtenstein","LI","","","","","","","","","","","","","","","","","","","","","","","","","","","","","","","","","","","","","","","","","","","","","","","","","","","","","","","","","","","","","","","","","",""
"Lithuania","LT","","","","","","","","","","","","","","","","","","","","","","","","","","","","","","","4023.43207030703","4022.53266215531","3166.92945136285","2494.42447522995","2498.94453157983","2538.64454622659","2735.44103711309","2727.72763673112","2825.8846526289","2702.42815610069","2516.90509827589","2695.90626762913","2848.91348324038","3087.65514771699","3196.8493444771","3187.03107994876","3353.3043274293","3564.20678526931","3733.62649539699","3622.29031691009","3470.78503022973","3529.91877785355","3606.05512155842","3659.26551287463","3814.78885203283","3898.17076584903","4043.33886509171","4203.84016401661","4330.66118047673","4421.41817637222","4438.91887506587","4698.79432270562","4416.1702815931","4202.90536411076","4387.04307549343",""
"Luxembourg","LU","","","","","","","","","","","","","","","","","","","","","","","","","","","","","","","13667.6705512636","14087.8552971576","12927.9020845286","12632.2410214479","13665.0741453124","14920.7708779443","14629.7302190838","15134.1041840505","15460.3249352484","14990.4175619955","15663.5342654137","15620.8595209784","15984.759343307","16261.0986869783","16300.1124220959","15635.54749139","16452.3725396023","16348.1550772615","15933.6948736314","14423.9558201064","16808.2642769645","15497.3405845891","14639.9068831859","14134.2756183746","13851.764904668","14410.0111656519","14327.8340383565","13847.8978294116","13497.8205444527","12309.6575650684","11980.920625806","12151.9098090191","11676.5655646965","11447.5638851792","11661.5362800069",""
"Latvia","LV","","","","","","","","","","","","","","","","","","","","","","","","","","","","","","","3396.7281614899","3285.31744549591","2638.90897045447","2048.14905843662","1973.22851763489","1997.1380926627","1992.90092633063","2056.43502212014","2129.85872725485","2072.80372744911","2082.32138708792","2213.36060278029","2307.18651806596","2493.93016908112","2607.4599601789","2777.38198024923","2966.60997305664","3169.07729539954","3213.1214400075","3026.61148851667","3230.4278076141","3264.05332015348","3587.93286598611","3473.03824267246","3506.40140195869","3491.22919687064","3563.08658627012","3600.46708762218","3728.25702297769","3725.00681881596","3669.13292595592","3838.17372339466","3714.51694518893","3616.79876414098","3767.70246778885",""
"Monaco","MC","","","","","","","","","","","","","","","","","","","","","","","","","","","","","","","","","","","","","","","","","","","","","","","","","","","","","","","","","","","","","","","","","",""
"Moldova","MD","","","","","","","","","","","","","","","","","","","","","","","","","","","","","","","4015.56526855058","4271.58077332516","3686.39014547303","3213.41036826362","2763.63489278654","2606.3253420019","2463.2773192214","2318.4749556687","2313.96072603584","2168.48163973382","2038.52197924688","2245.61235172465","2330.16244845666","2615.73616405082","2440.24305055588","2548.29983540932","2695.62268502208","2484.43185625434","2524.02283437203","2166.33108952109","1918.35111939334","2036.91475405137","2107.10395046156","1880.01082684807","1912.30013139409","1945.00803602849","1882.5008401155","2005.67002844451","2126.54906189155","2166.48449980182","2198.37351477916","2401.17820687115","2255.35007952848","2411.52290499202","",""
"North Macedonia","MK","","","","","","","","","","","","","","","","","","","","","","","","","","","","","","","2580.33066028844","2625.49404327055","2902.79617992023","2584.14413803894","2693.87845228453","2776.03483353298","2887.37737590016","2999.19524014845","3078.42052120947","2866.43181293137","2907.6911688504","2811.95666382621","2794.83228283742","3156.13837768357","3207.04538172569","3465.2650685922","3569.19540667918","3772.18998322182","3854.94647964766","3613.98052463214","3802.60371227839","4153.50898473107","3956.32548303703","3833.63949746088","3788.67486077337","3724.58076896932","3490.50759240482","3464.55415591126","3457.82088466643","3580.52340238197","3581.11850285865","3793.4499437705","3484.17218427351","3320.35609711262","",""
"Malta","MT","","","","","","","","","","","","","","","","","","","","","","","","","","","","","","","2823.50283762035","3597.68582775632","3726.69455793786","3716.59107802687","3735.3554057263","3921.37120812678","3790.42128953291","3827.15372096","3921.75183694233","4197.86468788218","4311.8586366631","4292.31505134494","4500.35230030634","4872.27220496661","4797.29258251343","4912.90975995087","4897.51004174603","4873.08346692106","4836.59396305135","4434.18663343653","4692.30991922954","4785.3786502926","4923.48129172341","4858.64268731904","4874.49276900256","4905.22713970555","4767.82433636594","5071.65397147543","5044.39939409344","5036.59369096191","4713.96147354944","4940.6542506996","5168.39166053175","5013.14344537374","",""
"Montenegro","ME","","","","","","","","","","","","","","","","","","","","","","","","","","","","","","","","","","","","","","","","","","","","","","6314.90522758241","6451.77025324174","6564.6437994723","6287.18784898431","5010.5613187254","5419.51606966427","5750.02619510111","5408.59775545607","4564.82387200504","4400.84393597373","4706.62818117637","4643.77719464047","4937.84166317881","4966.17382725824","5094.51091578341","4744.72940838507","4962.77915632754","4345.79716512907","4564.34263683004","",""
"Netherlands","NL","","","","","","","","","","","","","","","","","","","","","","","","","","","","","","","5183.69047674783","5291.17908547945","5403.52364430157","5462.6546594562","5616.32385389484","5718.41423698264","5905.99219677309","6066.24323778959","6257.89088309705","6349.31958385256","6507.10592493944","6599.2653703249","6641.74076187963","6695.7151244396","6882.97022088311","6912.37208536246","7025.83447881547","7157.37857667485","7173.04629878655","6856.28189731542","7006.27382053053","7060.05376840719","6872.76998897401","6827.60357505687","6709.21709613183","6711.77785164667","6731.46719432184","6727.97901571486","6790.77027214614","6757.32784222013","6643.57996731932","6708.8179325849","6352.1899519473","6206.42579001972","6386.36706563515",""
"Norway","NO","","","","","","","","","","","","","","","","","","","","","","","","","","","","","","","23353.915019617","23808.6299185402","23787.3218114684","23967.1186697746","24247.263936164","24528.4438555473","23998.8441881654","24326.0342366912","25424.1036370825","25057.1895955838","24993.7262954727","25590.6894288143","24620.3361318984","23201.394129715","24214.1069838041","25083.2145326781","24099.9322630596","24855.00046399","24866.1343077867","23859.7095797111","24876.1978314883","23655.1420043415","24048.6688148205","23821.8466212945","23121.4007854814","23596.3140010411","23867.7135377673","24007.5361457564","24357.3128791946","23926.0449343069","23863.2952100344","24650.1686290752","23373.4710590389","23520.1783607185","23673.0788246604",""
"Poland","PL","","","","","","","","","","","","","","","","","","","","","","","","","","","","","","","3272.30231066893","3088.22893823707","2961.39573935933","2977.71210039944","2993.17753225699","3060.88887477077","3159.0418173811","3206.23777802961","3206.59177066855","3171.75738369759","3256.18045539478","3260.03326284961","3208.39215655912","3324.47139177329","3416.11863238342","3437.32399818737","3584.96218806785","3661.64610383478","3725.74877788007","3590.8320811579","3797.09229558691","3879.542093812","3899.17664227808","3938.25520772816","3971.79976131055","4056.08194846094","4191.16764204412","4285.89192219077","4393.41931151621","4363.43809737663","4299.90093760092","4631.20010705876","4552.82555969843","4381.86423534017","4369.59385882083",""
"Portugal","PT","","","","","","","","","","","","","","","","","","","","","","","","","","","","","","","2525.33802226897","2678.65165831931","2816.88187905464","2804.40656619508","2871.63370956886","3077.54422024908","3197.25515193098","3353.15828693645","3545.6008919513","3796.79517016728","3988.96082351837","4119.67048812079","4271.16852794499","4375.73221685312","4533.53969496543","4682.89580542552","4827.46718204254","4890.46533783099","4850.83741255711","4843.84969427758","4959.09430535983","4848.18461841562","4736.35177088695","4685.15041413673","4662.60079980294","4807.07034781363","4875.62190982051","5014.1258021611","5048.60935943854","5016.98235792727","4858.94983248165","4901.6433485549","5085.23209727273","5146.35134570484","5293.84653922824",""
"Romania","RO","","","","","","","","","","","","","","","","","","","","","","","","","","","","","","","2924.5962657695","2521.00383654647","2319.57274902778","2272.12422814287","2234.73508450933","2328.79435838138","2430.3015287499","2250.99980145409","2107.44546313417","1935.5608124585","1987.66018990979","2066.78393292599","2079.93411655215","2237.93781553129","2295.57050548981","2365.41956412583","2446.28607665653","2529.90688781899","2605.8197354887","2390.57474297148","2550.8632914192","2639.03343377907","2604.24313747583","2494.583959031","2584.41178726443","2644.73231616923","2688.06630221791","2777.56861539922","2838.45564104289","2820.56539536543","2726.41154410143","2900.83824132119","2717.53652859422","2585.27043246593","",""
"Russian Federation","RU","","","","","","","","","","","","","","","","","","","","","","","","","","","","","","","6687.72705622674","6551.29981615995","6113.67997148908","5726.4515926869","5188.21395452286","5101.55339563591","5016.44406640602","4935.61990495362","4848.02735251951","4998.82566135888","5198.40570401268","5274.3633046315","5304.41525955994","5478.13045818384","5633.84550039094","5770.10063642248","6098.53347618072","6286.04939176058","6399.68374911202","6095.38031871449","6409.89436516487","6483.16111107401","6608.97798676812","6525.62731928494","6583.54327856132","6563.38703411839","6683.60463084419","6734.1871192098","6873.34950566688","6902.44952931316","6770.33287198","7186.67544355845","7184.39430489","7285.35211230393","",""
"San Marino","SM","","","","","","","","","","","","","","","","","","","","","","","","","","","","","","","","","","","","","","","","","","","","","","","","","","","","","","","","","","","","","","","","","",""
"Serbia","RS","","","","","","","","","","","","","","","","","","","","","","","","","","","","","","","4295.17227093607","4258.49790590281","4100.30795378734","3299.70024931944","3336.34582237212","3587.57903502029","3843.91089956489","4084.07512076665","4068.71531744265","3741.31296200295","3977.46458185932","4190.74842142257","4304.38220855354","4234.69215199708","4258.25156833764","3921.90645886198","4040.44002019006","4159.13722524679","4291.84315793455","4224.39766544863","4358.81217362396","4488.06947097078","4385.06049506096","4442.72162642208","4271.0193111488","4539.71265539859","4620.36161002573","4709.39591713719","4727.46270589024","4800.8454717515","4778.43135492815","5034.14674687745","5113.70107266182","5089.5468236345","",""
"Slovak Republic","SK","","","","","","","","","","","","","","","","","","","","","","","","","","","","","","","5542.17090281962","5115.12278972276","4699.13757093287","4570.4424441417","4582.58196134882","4925.96138119384","5150.40772432747","5068.08938992895","4682.2975759649","5028.70634282304","4955.9078964949","5027.45280744067","5051.59838955891","5021.79822212264","5097.83555585338","4932.80328141323","5153.12148361062","5272.37078254061","5294.43509883286","4954.13825099705","5201.40489681027","5347.52622266219","5137.78901796904","5202.46728807607","5137.07383519398","5149.15646794563","5226.30375867414","5424.11134513108","5400.99813265511","5213.46417689146","5050.16920301742","5404.56491141305","4957.70057248564","4673.89261324478","4674.59930886162",""
"Slovenia","SI","","","","","","","","","","","","","","","","","","","","","","","","","","","","","","","5334.90544555719","5087.45246767952","4943.1554652196","4950.93249842098","5240.16018553937","5312.90454863428","5365.50828008054","5434.66219795403","5574.7064662457","5675.61502638619","5777.99565091695","6006.34519040591","6380.95190345595","6578.0342360426","6830.70507337963","6917.8604670693","7123.53777129338","7137.82417514897","6920.244039032","6104.42184491699","6510.84188436593","6753.07366418182","6719.46115978395","6779.28088650566","6727.99930164211","6875.59333976567","6996.46786845013","7218.87660981384","7206.25065697668","7145.7130749359","6820.23897234566","7006.37879320462","6731.29186639117","6418.41561811323","6449.65685813669",""
"Sweden","SE","","","","","","","","","","","","","","","","","","","","","","","","","","","","","","","15836.0337592675","15932.9262101278","15544.4114587485","15506.8020972727","15290.6160012619","15475.0134786249","15434.2303889222","15410.6991336936","15522.1334962683","15470.8680660845","15681.6152732118","16020.9803101633","15709.4296690248","15360.1788925021","15420.9731416948","15430.9639482359","15262.5872679989","15257.9357531603","14869.3489776224","14143.0110076717","14935.2866446879","14030.2689758396","14289.5950931227","13870.3899085651","13480.148224391","13523.9804612342","13675.7873181576","13498.416834548","13330.4321658493","12811.5038135938","12607.4980668265","13017.9973503743","12418.3973191038","12149.5179863926","12226.2590199976",""
"Turkiye","TR","","","","","","","","","","","","","","","","","","","","","","","","","","","","","","","894.946674524474","928.57577493532","1003.99864680393","1070.86257675469","1098.38058657454","1176.28159954043","1274.14939652275","1383.14872841482","1462.74264551992","1500.80684236634","1597.53098620898","1563.01305659791","1620.0291146172","1726.31598810763","1848.21640498131","1972.46320209431","2138.98570196288","2328.35513019507","2401.12555821694","2291.62714536304","2463.85975801914","2666.73837788233","2749.71368123426","2747.58408745623","2848.97165764961","2930.20272102197","3073.67891217991","3262.78417392976","3347.76268694844","3294.2219031759","3318.84705919601","3587.45836676577","3554.2281621305","3581.25454543643","3730.82314747655",""
"Ukraine","UA","","","","","","","","","","","","","","","","","","","","","","","","","","","","","","","4772.57388333659","4628.09186129426","4299.23963095021","3940.37255994379","3464.82077981492","3338.99545691375","3050.28047318605","2947.35540484517","2826.19611446516","2775.20734467593","2757.08653488754","2766.4976712518","2817.06367288674","2966.81354679411","3116.47637396524","3213.26496636921","3364.22152439321","3487.42546076415","3492.00941708178","3188.4621159984","3510.37518229883","3614.87283809077","3591.96708179709","3550.4978995928","3366.56488091328","3164.58073859117","3160.98233213565","2950.78525877728","3025.31091937259","2973.07734792301","2921.70902184587","3165.17617696616","2419.58552420309","2516.32291831974","",""
"Kosovo","KV","","","","","","","","","","","","","","","","","","","","","","","","","","","","","","","","","","","","","","","","","1468.52165306606","1839.55134287797","1818.02081704895","1779.97124451253","1974.4641817714","2034.80730374834","2110.22244480246","2298.16489900359","2565.99909598647","2510.75260728787","2630.33873507821","2945.39632545346","2859.78952214732","2917.30079274239","2818.31080082172","","","","","","","","","","",""
